step,time_s,pos_x,pos_y,pos_z,vel_x,vel_y,vel_z,agl,dist_xy,dist_3d,target_x,target_y,target_z,plat_vel_x,plat_vel_y,plat_vel_z,cmd_vx,cmd_vy,cmd_vz,cmd_speed,cmd_yaw,landing_phase,descent_phase,assist_type,collision_risk,clutter_density,navigability,escape_active,pred_escape_active,threat_acc,terrain_id,phase_reason,rel_vx_to_pad,rel_vy_to_pad,pad_frame_dx,pad_frame_dy
0,0.0,9.8912,2.7943,3.9063,0.0,0.0,0.0,0.071,15.792,16.221,-3.6613,-5.3114,0.2,0.0,0.0,0.0,-0.048,-0.0012,0.048,0.0679,-0.8284,0,0,0,0.979,0.461,0.539,0,0,0.0,6,SEARCH_PHASE,0.0,0.0,13.5526,8.1057
1,0.062,9.8912,2.7943,3.9067,0.0,0.0,0.0186,0.071,15.792,16.221,-3.6613,-5.3114,0.2,0.0,0.0,0.0,-0.096,-0.0016,0.096,0.1358,-0.8243,0,0,0,0.978,0.469,0.531,0,0,0.0,6,SEARCH_PHASE,0.0,0.0,13.5526,8.1057
2,0.124,9.8912,2.7943,3.9076,0.0,0.0,0.0478,0.072,15.792,16.221,-3.6613,-5.3114,0.2,0.0,0.0,0.0,-0.144,-0.0018,0.144,0.2036,-0.8218,0,0,0,0.978,0.462,0.538,0,0,0.0,6,SEARCH_PHASE,0.0,0.0,13.5526,8.1057
3,0.185,9.8912,2.7943,3.9093,-0.003,-0.0,0.0844,0.074,15.792,16.221,-3.6613,-5.3114,0.2,0.0,0.0,0.0,-0.192,-0.0005,0.192,0.2715,-0.8174,0,0,0,0.978,0.454,0.546,0,0,0.0,6,SEARCH_PHASE,-0.003,-0.0,13.5525,8.1057
4,0.252,9.8911,2.7943,3.9118,-0.006,-0.0001,0.1255,0.076,15.791,16.222,-3.6613,-5.3114,0.2,0.0,0.0,0.0,-0.2399,0.0012,0.24,0.3394,-0.8042,0,0,0,0.978,0.454,0.546,0,0,0.0,6,SEARCH_PHASE,-0.006,-0.0001,13.5524,8.1057
5,0.315,9.8908,2.7943,3.9152,-0.0123,-0.0005,0.1699,0.079,15.791,16.222,-3.6613,-5.3114,0.2,0.0,0.0,0.0,-0.2878,0.0046,0.288,0.4072,-0.8274,0,0,0,0.978,0.461,0.539,0,0,1.0,6,SEARCH_PHASE,-0.0123,-0.0005,13.5521,8.1057
6,0.376,9.8904,2.7943,3.9196,-0.0213,0.0,0.2164,0.084,15.791,16.223,-3.6613,-5.3114,0.2,0.0,0.0,0.0,-0.3357,0.0072,0.336,0.475,-0.7914,0,0,0,0.976,0.432,0.568,0,0,2.0,6,SEARCH_PHASE,-0.0213,0.0,13.5517,8.1057
7,0.439,9.8897,2.7943,3.9248,-0.0366,-0.0015,0.2638,0.089,15.79,16.224,-3.6613,-5.3114,0.2,0.0,0.0,0.0,-0.3835,0.0116,0.384,0.5429,-0.8154,0,0,0,0.976,0.426,0.574,0,0,3.0,6,SEARCH_PHASE,-0.0366,-0.0015,13.551,8.1057
8,0.5,9.8886,2.7942,3.9311,-0.0541,-0.0018,0.3122,0.095,15.789,16.224,-3.6613,-5.3114,0.2,0.0,0.0,0.0,-0.4312,0.0172,0.432,0.6106,-0.7792,0,0,0,0.976,0.424,0.576,0,0,4.0,6,SEARCH_PHASE,-0.0541,-0.0018,13.5499,8.1056
9,0.562,9.887,2.7942,3.9383,-0.0774,-0.0036,0.3606,0.102,15.788,16.224,-3.6613,-5.3114,0.2,0.0,0.0,0.0,-0.4787,0.0239,0.48,0.6784,-0.8037,0,0,0,0.976,0.412,0.588,0,0,5.0,6,SEARCH_PHASE,-0.0774,-0.0036,13.5483,8.1056
10,0.624,9.885,2.7941,3.9465,-0.1024,-0.0038,0.4097,0.111,15.786,16.225,-3.6613,-5.3114,0.2,0.0,0.0,0.0,-0.5263,0.0305,0.528,0.7461,-0.7676,0,0,0,0.974,0.385,0.615,0,0,6.0,6,SEARCH_PHASE,-0.1024,-0.0038,13.5463,8.1055
11,0.686,9.8823,2.794,3.9557,-0.1328,-0.0051,0.4583,0.12,15.784,16.224,-3.6613,-5.3114,0.2,0.0,0.0,0.0,-0.5737,0.0381,0.576,0.8138,-0.7924,0,0,0,0.974,0.371,0.629,0,0,7.0,6,SEARCH_PHASE,-0.1328,-0.0051,13.5436,8.1054
12,0.75,9.879,2.7939,3.9658,-0.1644,-0.0045,0.5072,0.13,15.781,16.224,-3.6613,-5.3114,0.2,0.0,0.0,0.0,-0.6209,0.0468,0.624,0.8815,-0.7549,0,0,0,0.974,0.353,0.647,0,0,8.0,6,SEARCH_PHASE,-0.1644,-0.0045,13.5404,8.1053
13,0.811,9.875,2.7938,3.9769,-0.2008,-0.0045,0.5559,0.141,15.777,16.223,-3.6613,-5.3114,0.2,0.0,0.0,0.0,-0.6676,0.0577,0.672,0.949,-0.7796,0,0,0,0.972,0.312,0.688,0,0,9.0,6,SEARCH_PHASE,-0.2008,-0.0045,13.5363,8.1052
14,0.873,9.8702,2.7938,3.989,-0.2394,-0.0021,0.6047,0.153,15.773,16.222,-3.6613,-5.3114,0.2,0.0,0.0,0.0,-0.7145,0.0681,0.72,1.0166,-0.7438,0,0,0,0.972,0.291,0.709,0,0,10.0,6,SEARCH_PHASE,-0.2394,-0.0021,13.5315,8.1052
15,0.936,9.8646,2.7938,4.0021,-0.2839,0.0002,0.6527,0.166,15.768,16.22,-3.6613,-5.3114,0.2,0.0,0.0,0.0,-0.7606,0.0815,0.768,1.084,-0.769,0,0,0,0.969,0.244,0.756,0,0,9.5,6,SEARCH_PHASE,-0.2839,0.0002,13.5259,8.1052
16,0.997,9.858,2.7939,4.0161,-0.33,0.0053,0.7008,0.18,15.763,16.218,-3.6613,-5.3114,0.2,0.0,0.0,0.0,-0.8063,0.0963,0.816,1.1512,-0.7333,0,0,0,0.969,0.234,0.766,0,0,9.0,6,SEARCH_PHASE,-0.33,0.0053,13.5193,8.1053
17,1.06,9.8503,2.7941,4.031,-0.3814,0.0107,0.7478,0.195,15.756,16.215,-3.6613,-5.3114,0.2,0.0,0.0,0.0,-0.8386,0.0608,0.864,1.2056,-0.7587,0,0,0,0.451,0.194,0.806,0,0,8.5,6,SEARCH_PHASE,-0.3814,0.0107,13.5116,8.1055
18,1.13,9.8417,2.7945,4.0469,-0.4336,0.0191,0.7943,0.211,15.749,16.212,-3.6613,-5.3114,0.2,0.0,0.0,0.0,-0.871,0.0253,0.912,1.2613,-0.7234,0,0,0,0.451,0.191,0.809,0,0,8.0,6,SEARCH_PHASE,-0.4336,0.0191,13.503,8.1059
19,1.192,9.8318,2.795,4.0637,-0.4904,0.0281,0.839,0.228,15.741,16.208,-3.6613,-5.3114,0.2,0.0,0.0,0.0,-0.9033,-0.0102,0.96,1.3182,-0.7656,0,0,0,0.453,0.188,0.812,0,0,7.5,6,SEARCH_PHASE,-0.4904,0.0281,13.4932,8.1064
20,1.255,9.8209,2.7958,4.0814,-0.5473,0.0405,0.883,0.246,15.732,16.204,-3.6613,-5.3114,0.2,0.0,0.0,0.0,-0.9356,-0.0457,1.008,1.376,-0.781,0,0,0,0.453,0.184,0.816,0,0,7.0,6,SEARCH_PHASE,-0.5473,0.0405,13.4822,8.1073
21,1.317,9.8088,2.7969,4.0999,-0.6028,0.052,0.9283,0.264,15.722,16.199,-3.6613,-5.3114,0.2,0.0,0.0,0.0,-0.9679,-0.0812,1.056,1.4347,-0.7589,0,0,0,0.451,0.191,0.809,0,0,6.5,6,SEARCH_PHASE,-0.6028,0.052,13.4702,8.1083
22,1.379,9.7956,2.7981,4.1194,-0.661,0.0599,0.9729,0.284,15.712,16.193,-3.6613,-5.3114,0.2,0.0,0.0,0.0,-1.0001,-0.1167,1.104,1.4942,-0.7789,0,0,0,0.451,0.189,0.811,0,0,6.0,6,SEARCH_PHASE,-0.661,0.0599,13.4569,8.1095
23,1.44,9.7813,2.7994,4.1398,-0.7181,0.0669,1.0184,0.304,15.7,16.187,-3.6613,-5.3114,0.2,0.0,0.0,0.0,-1.0323,-0.1523,1.152,1.5543,-0.7524,0,0,0,0.462,0.191,0.809,0,0,4.0,6,SEARCH_PHASE,-0.7181,0.0669,13.4426,8.1108
24,1.505,9.7658,2.8008,4.161,-0.7746,0.0693,1.0644,0.325,15.687,16.18,-3.6613,-5.3114,0.2,0.0,0.0,0.0,-1.0645,-0.1879,1.2,1.6151,-0.7634,0,0,0,0.462,0.19,0.81,0,0,2.0,6,SEARCH_PHASE,-0.7746,0.0693,13.4271,8.1122
25,1.567,9.7492,2.8022,4.1833,-0.8284,0.0701,1.1113,0.347,15.674,16.172,-3.6613,-5.3114,0.2,0.0,0.0,0.0,-1.0966,-0.2236,1.248,1.6763,-0.744,0,0,0,0.474,0.181,0.819,0,0,0.0,6,SEARCH_PHASE,-0.8284,0.0701,13.4105,8.1136
26,1.632,9.7315,2.8035,4.2064,-0.8836,0.0666,1.1578,0.371,15.66,16.164,-3.6613,-5.3114,0.2,0.0,0.0,0.0,-1.1287,-0.2593,1.296,1.7381,-0.7664,0,0,0,0.488,0.187,0.813,0,0,0.0,6,SEARCH_PHASE,-0.8836,0.0666,13.3928,8.1149
27,1.693,9.7128,2.8048,4.2305,-0.9364,0.0612,1.2056,0.395,15.644,16.155,-3.6613,-5.3114,0.2,0.0,0.0,0.0,-1.1608,-0.295,1.344,1.8002,-0.7308,0,0,0,0.497,0.193,0.807,0,0,0.0,6,SEARCH_PHASE,-0.9364,0.0612,13.3741,8.1162
28,1.755,9.6931,2.8058,4.2556,-0.9868,0.05,1.2538,0.42,15.628,16.145,-3.6613,-5.3114,0.2,0.0,0.0,0.0,-1.1928,-0.3308,1.392,1.8627,-0.7615,0,0,0,0.515,0.204,0.796,0,0,0.0,6,SEARCH_PHASE,-0.9868,0.05,13.3544,8.1172
29,1.82,9.6724,2.8065,4.2817,-1.0352,0.037,1.3029,0.446,15.61,16.135,-3.6613,-5.3114,0.2,0.0,0.0,0.0,-1.2247,-0.3666,1.44,1.9256,-0.7159,0,0,0,0.522,0.2,0.8,0,0,0.0,6,SEARCH_PHASE,-1.0352,0.037,13.3337,8.1179
30,1.882,9.6508,2.8069,4.3087,-1.0796,0.0177,1.352,0.473,15.592,16.124,-3.6613,-5.3114,0.2,0.0,0.0,0.0,-1.2566,-0.4025,1.488,1.9888,-0.7483,0,0,0,0.536,0.201,0.799,0,0,0.0,6,SEARCH_PHASE,-1.0796,0.0177,13.3121,8.1183
31,1.943,9.6283,2.8068,4.3367,-1.1224,-0.0032,1.4017,0.501,15.573,16.113,-3.6613,-5.3114,0.2,0.0,0.0,0.0,-1.2884,-0.4384,1.536,2.0522,-0.7009,0,0,0,0.541,0.206,0.794,0,0,0.0,6,SEARCH_PHASE,-1.1224,-0.0032,13.2896,8.1182
32,2.005,9.6051,2.8062,4.3658,-1.1616,-0.0301,1.4508,0.53,15.553,16.101,-3.6613,-5.3114,0.2,0.0,0.0,0.0,-1.3202,-0.4744,1.584,2.1159,-0.7345,0,0,0,0.552,0.211,0.789,0,0,0.0,6,SEARCH_PHASE,-1.1616,-0.0301,13.2664,8.1176
33,2.066,9.5811,2.805,4.3958,-1.1996,-0.058,1.5003,0.56,15.532,16.089,-3.6613,-5.3114,0.2,0.0,0.0,0.0,-1.3519,-0.5105,1.632,2.1798,-0.6855,0,0,0,0.554,0.21,0.79,0,0,0.0,6,SEARCH_PHASE,-1.1996,-0.058,13.2424,8.1164
34,2.127,9.5564,2.8032,4.4267,-1.2347,-0.0916,1.549,0.591,15.51,16.075,-3.6613,-5.3114,0.2,0.0,0.0,0.0,-1.3835,-0.5466,1.68,2.2439,-0.7202,0,0,0,0.563,0.212,0.788,0,0,0.0,6,SEARCH_PHASE,-1.2347,-0.0916,13.2177,8.1146
35,2.188,9.531,2.8007,4.4587,-1.2689,-0.1258,1.5979,0.623,15.487,16.062,-3.6613,-5.3114,0.2,0.0,0.0,0.0,-1.415,-0.5828,1.7,2.2873,-0.6698,0,0,0,0.564,0.213,0.787,0,0,0.0,6,SEARCH_PHASE,-1.2689,-0.1258,13.1923,8.1121
36,2.251,9.505,2.7974,4.4914,-1.2993,-0.1636,1.636,0.656,15.463,16.047,-3.6613,-5.3114,0.2,0.0,0.0,0.0,-1.4465,-0.619,1.7,2.3164,-0.7044,0,0,0,0.571,0.216,0.784,0,0,0.0,6,SEARCH_PHASE,-1.2993,-0.1636,13.1664,8.1088
37,2.313,9.4785,2.7934,4.5246,-1.3273,-0.1995,1.6609,0.689,15.438,16.033,-3.6613,-5.3114,0.2,0.0,0.0,0.0,-1.4779,-0.6554,1.7,2.346,-0.6664,0,0,0,0.572,0.226,0.774,0,0,0.0,6,SEARCH_PHASE,-1.3273,-0.1995,13.1398,8.1048
38,2.378,9.4514,2.7887,4.5582,-1.3526,-0.2381,1.6767,0.722,15.413,16.017,-3.6613,-5.3114,0.2,0.0,0.0,0.0,-1.5092,-0.6918,1.7,2.3762,-0.7,0,0,0,0.578,0.229,0.771,0,0,0.0,6,SEARCH_PHASE,-1.3526,-0.2381,13.1128,8.1001
39,2.439,9.4239,2.7831,4.5919,-1.3774,-0.2767,1.687,0.756,15.386,16.001,-3.6613,-5.3114,0.2,0.0,0.0,0.0,-1.5404,-0.7282,1.7,2.4069,-0.6517,0,0,0,0.577,0.218,0.782,0,0,0.0,6,SEARCH_PHASE,-1.3774,-0.2767,13.0852,8.0945
40,2.501,9.3959,2.7767,4.6258,-1.4012,-0.3191,1.6932,0.79,15.359,15.984,-3.6613,-5.3114,0.2,0.0,0.0,0.0,-1.5715,-0.7648,1.7,2.4381,-0.6856,0,0,0,0.582,0.224,0.776,0,0,0.0,6,SEARCH_PHASE,-1.4012,-0.3191,13.0572,8.0882
41,2.563,9.3674,2.7695,4.6597,-1.4252,-0.3616,1.6973,0.824,15.331,15.967,-3.6613,-5.3114,0.2,0.0,0.0,0.0,-1.6025,-0.8014,1.7,2.4699,-0.6378,0,0,0,0.58,0.23,0.77,0,0,0.0,6,SEARCH_PHASE,-1.4252,-0.3616,13.0287,8.0809
42,2.624,9.3384,2.7613,4.6937,-1.4487,-0.4078,1.6991,0.858,15.302,15.949,-3.6613,-5.3114,0.2,0.0,0.0,0.0,-1.6334,-0.8381,1.7,2.5021,-0.6714,0,0,0,0.584,0.229,0.771,0,0,0.0,6,SEARCH_PHASE,-1.4487,-0.4078,12.9997,8.0728
43,2.689,9.3089,2.7523,4.7277,-1.4728,-0.4538,1.6999,0.892,15.273,15.93,-3.6613,-5.3114,0.2,0.0,0.0,0.0,-1.6642,-0.875,1.7,2.5348,-0.6238,0,0,0,0.581,0.226,0.774,0,0,0.0,6,SEARCH_PHASE,-1.4728,-0.4538,12.9703,8.0637
44,2.752,9.279,2.7422,4.7617,-1.4969,-0.5032,1.6995,4.762,15.242,15.91,-3.6613,-5.3114,0.2,0.0,0.0,0.0,-1.6949,-0.9119,1.7,2.5679,-0.6582,0,0,0,0.584,0.225,0.775,0,0,0.0,6,SEARCH_PHASE,-1.4969,-0.5032,12.9403,8.0536
45,2.814,9.2486,2.7312,4.7957,-1.5218,-0.5522,1.6991,4.796,15.21,15.889,-3.6613,-5.3114,0.2,0.0,0.0,0.0,-1.7255,-0.9489,1.7,2.6015,-0.6109,0,0,0,0.581,0.223,0.777,0,0,0.0,6,SEARCH_PHASE,-1.5218,-0.5522,12.9099,8.0426
46,2.877,9.2176,2.7191,4.8296,-1.547,-0.6042,1.6974,4.83,15.177,15.868,-3.6613,-5.3114,0.2,0.0,0.0,0.0,-1.7559,-0.986,1.7,2.6354,-0.6412,0,0,0,0.581,0.221,0.779,0,0,0.0,6,SEARCH_PHASE,-1.547,-0.6042,12.8789,8.0305
47,2.938,9.1862,2.706,4.8635,-1.5731,-0.6554,1.6958,4.864,15.144,15.846,-3.6613,-5.3114,0.2,0.0,0.0,0.0,-1.7862,-1.0233,1.7,2.6697,-0.5939,0,0,0,0.576,0.218,0.782,0,0,0.0,6,SEARCH_PHASE,-1.5731,-0.6554,12.8475,8.0174
48,3.002,9.1542,2.6918,4.8974,-1.6001,-0.7089,1.6935,4.897,15.109,15.823,-3.6613,-5.3114,0.2,0.0,0.0,0.0,-1.8163,-1.0606,1.7,2.7044,-0.6163,0,0,0,0.575,0.217,0.783,0,0,0.0,6,SEARCH_PHASE,-1.6001,-0.7089,12.8155,8.0032
49,3.066,9.1216,2.6766,4.9313,-1.6287,-0.7608,1.6917,4.931,15.074,15.799,-3.6613,-5.3114,0.2,0.0,0.0,0.0,-1.8462,-1.0982,1.7,2.7394,-0.5696,0,0,0,0.569,0.213,0.787,0,0,0.0,6,SEARCH_PHASE,-1.6287,-0.7608,12.7829,7.988
50,3.129,9.0884,2.6603,4.965,-1.6575,-0.8137,1.6896,4.965,15.037,15.774,-3.6613,-5.3114,0.2,0.0,0.0,0.0,-1.8758,-1.1359,1.7,2.7747,-0.6032,0,0,0,0.567,0.215,0.785,0,0,0.0,6,SEARCH_PHASE,-1.6575,-0.8137,12.7497,7.9717
51,3.195,9.0547,2.643,4.9988,-1.6869,-0.8636,1.6883,4.999,14.999,15.748,-3.6613,-5.3114,0.2,0.0,0.0,0.0,-1.9051,-1.174,1.7,2.8103,-0.5578,0,0,0,0.56,0.212,0.788,0,0,0.0,6,SEARCH_PHASE,-1.6869,-0.8636,12.716,7.9544
52,3.265,9.0204,2.6248,5.0325,-1.7167,-0.9141,1.6868,5.033,14.96,15.721,-3.6613,-5.3114,0.2,0.0,0.0,0.0,-1.93,-1.2078,1.7,2.8414,-0.591,0,0,0,0.558,0.212,0.788,0,0,0.0,6,SEARCH_PHASE,-1.7167,-0.9141,12.6817,7.9362
53,3.332,8.9854,2.6055,5.0663,-1.7469,-0.9611,1.6857,5.066,14.92,15.694,-3.6613,-5.3114,0.2,0.0,0.0,0.0,-1.9287,-1.2073,1.652,2.8118,-0.5517,0,0,0,0.552,0.212,0.788,0,0,0.0,6,SEARCH_PHASE,-1.7469,-0.9611,12.6467,7.9169
54,3.398,8.9499,2.5855,5.0996,-1.7741,-1.0037,1.6664,5.1,14.88,15.666,-3.6613,-5.3114,0.2,0.0,0.0,0.0,-1.9273,-1.2068,1.604,2.7828,-0.583,0,0,0,0.551,0.215,0.785,0,0,0.0,6,SEARCH_PHASE,-1.7741,-1.0037,12.6113,7.8969
55,3.466,8.914,2.5646,5.1323,-1.7992,-1.0407,1.6359,5.132,14.838,15.636,-3.6613,-5.3114,0.2,0.0,0.0,0.0,-1.926,-1.2063,1.556,2.7542,-0.5395,0,0,0,0.544,0.214,0.786,0,0,0.0,6,SEARCH_PHASE,-1.7992,-1.0407,12.5753,7.8761
56,3.533,8.8775,2.5431,5.1643,-1.8226,-1.0761,1.5976,5.164,14.796,15.606,-3.6613,-5.3114,0.2,0.0,0.0,0.0,-1.9247,-1.2056,1.508,2.7262,-0.5504,0,0,0,0.541,0.208,0.792,0,0,0.0,6,SEARCH_PHASE,-1.8226,-1.0761,12.5388,7.8545
57,3.603,8.8406,2.521,5.1954,-1.8451,-1.1077,1.5554,5.195,14.753,15.576,-3.6613,-5.3114,0.2,0.0,0.0,0.0,-1.9233,-1.205,1.46,2.6987,-0.5096,0,0,0,0.533,0.2,0.8,0,0,0.0,6,SEARCH_PHASE,-1.8451,-1.1077,12.5019,7.8324
58,3.672,8.8033,2.4982,5.2256,-1.8656,-1.1372,1.5109,5.226,14.709,15.544,-3.6613,-5.3114,0.2,0.0,0.0,0.0,-1.922,-1.2042,1.412,2.6717,-0.5381,0,0,0,0.529,0.202,0.798,0,0,0.0,6,SEARCH_PHASE,-1.8656,-1.1372,12.4646,7.8096
59,3.735,8.7656,2.475,5.2549,-1.8843,-1.1624,1.4654,5.255,14.665,15.512,-3.6613,-5.3114,0.2,0.0,0.0,0.0,-1.9207,-1.2035,1.364,2.6454,-0.496,0,0,0,0.52,0.205,0.795,0,0,0.0,6,SEARCH_PHASE,-1.8843,-1.1624,12.4269,7.7864
60,3.799,8.7276,2.4513,5.2833,-1.9013,-1.1858,1.4192,5.283,14.62,15.478,-3.6613,-5.3114,0.2,0.0,0.0,0.0,-1.9194,-1.2027,1.316,2.6196,-0.5246,0,0,0,0.516,0.204,0.796,0,0,0.0,6,SEARCH_PHASE,-1.9013,-1.1858,12.3889,7.7627
61,3.866,8.6892,2.4272,5.3107,-1.9166,-1.2049,1.3727,5.311,14.575,15.445,-3.6613,-5.3114,0.2,0.0,0.0,0.0,-1.9181,-1.2018,1.268,2.5945,-0.4889,0,0,0,0.507,0.198,0.802,0,0,0.0,6,SEARCH_PHASE,-1.9166,-1.2049,12.3506,7.7386
62,3.929,8.6506,2.4027,5.3373,-1.9303,-1.2221,1.3265,5.337,14.529,15.411,-3.6613,-5.3114,0.2,0.0,0.0,0.0,-1.9168,-1.201,1.22,2.57,-0.5182,0,0,0,0.504,0.195,0.805,0,0,0.0,6,SEARCH_PHASE,-1.9303,-1.2221,12.312,7.7141
63,3.992,8.6118,2.378,5.3629,-1.9419,-1.2353,1.2803,5.363,14.483,15.376,-3.6613,-5.3114,0.2,0.0,0.0,0.0,-1.9155,-1.2001,1.172,2.5461,-0.4755,0,0,0,0.495,0.195,0.805,0,0,0.0,6,SEARCH_PHASE,-1.9419,-1.2353,12.2731,7.6894
64,4.054,8.5728,2.3531,5.3876,-1.9516,-1.247,1.2343,5.388,14.437,15.34,-3.6613,-5.3114,0.2,0.0,0.0,0.0,-1.9141,-1.1992,1.124,2.523,-0.5052,0,0,0,0.491,0.195,0.805,0,0,0.0,6,SEARCH_PHASE,-1.9516,-1.247,12.2341,7.6645
65,4.119,8.5336,2.328,5.4113,-1.9591,-1.2545,1.1883,5.411,14.39,15.305,-3.6613,-5.3114,0.2,0.0,0.0,0.0,-1.9128,-1.1983,1.076,2.5005,-0.4693,0,0,0,0.483,0.189,0.811,0,0,0.0,6,SEARCH_PHASE,-1.9591,-1.2545,12.1949,7.6394
66,4.185,8.4943,2.3028,5.4342,-1.9647,-1.2601,1.1426,5.434,14.343,15.269,-3.6613,-5.3114,0.2,0.0,0.0,0.0,-1.9115,-1.1974,1.028,2.4788,-0.4997,0,0,0,0.481,0.19,0.81,0,0,0.0,6,SEARCH_PHASE,-1.9647,-1.2601,12.1556,7.6142
67,4.252,8.4549,2.2775,5.4561,-1.9676,-1.262,1.0967,5.456,14.297,15.232,-3.6613,-5.3114,0.2,0.0,0.0,0.0,-1.9102,-1.1964,0.98,2.4578,-0.4762,0,0,0,0.473,0.187,0.813,0,0,0.0,6,SEARCH_PHASE,-1.9676,-1.262,12.1163,7.589
68,4.319,8.4156,2.2523,5.4771,-1.9682,-1.2622,1.0506,5.477,14.25,15.196,-3.6613,-5.3114,0.2,0.0,0.0,0.0,-1.9089,-1.1955,0.932,2.4376,-0.4964,0,0,0,0.472,0.189,0.811,0,0,0.0,6,SEARCH_PHASE,-1.9682,-1.2622,12.0769,7.5637
69,4.384,8.3762,2.2271,5.4972,-1.9677,-1.2598,1.0042,5.497,14.203,15.159,-3.6613,-5.3114,0.2,0.0,0.0,0.0,-1.9075,-1.1946,0.884,2.4181,-0.4747,0,0,0,0.464,0.191,0.809,0,0,0.0,6,SEARCH_PHASE,-1.9677,-1.2598,12.0375,7.5385
70,4.446,8.3369,2.202,5.5164,-1.9652,-1.2563,0.9576,5.516,14.157,15.122,-3.6613,-5.3114,0.2,0.0,0.0,0.0,-1.9062,-1.1937,0.836,2.3995,-0.4942,0,0,0,0.464,0.188,0.812,0,0,0.0,6,SEARCH_PHASE,-1.9652,-1.2563,11.9982,7.5134
71,4.509,8.2977,2.177,5.5346,-1.9619,-1.2506,0.9109,5.535,14.11,15.085,-3.6613,-5.3114,0.2,0.0,0.0,0.0,-1.9049,-1.1928,0.788,2.3817,-0.4777,0,0,0,0.457,0.19,0.81,0,0,0.0,6,SEARCH_PHASE,-1.9619,-1.2506,11.959,7.4884
72,4.575,8.2585,2.1521,5.5518,-1.9568,-1.2442,0.864,5.552,14.064,15.048,-3.6613,-5.3114,0.2,0.0,0.0,0.0,-1.9036,-1.1919,0.74,2.3647,-0.4845,0,0,0,0.458,0.192,0.808,0,0,0.0,6,SEARCH_PHASE,-1.9568,-1.2442,11.9199,7.4635
73,4.64,8.2195,2.1273,5.5682,-1.9516,-1.2365,0.8169,5.568,14.017,15.01,-3.6613,-5.3114,0.2,0.0,0.0,0.0,-1.9023,-1.191,0.692,2.3486,-0.471,0,0,0,0.453,0.187,0.813,0,0,0.0,6,SEARCH_PHASE,-1.9516,-1.2365,11.8808,7.4388
74,4.704,8.1806,2.1028,5.5836,-1.9438,-1.228,0.7695,5.584,13.971,14.973,-3.6613,-5.3114,0.2,0.0,0.0,0.0,-1.9009,-1.1902,0.644,2.3334,-0.5008,0,0,0,0.454,0.191,0.809,0,0,0.0,6,SEARCH_PHASE,-1.9438,-1.228,11.842,7.4142
75,4.765,8.1419,2.0784,5.598,-1.9357,-1.2183,0.722,5.598,13.926,14.935,-3.6613,-5.3114,0.2,0.0,0.0,0.0,-1.8996,-1.1893,0.596,2.3191,-0.4558,0,0,0,0.448,0.189,0.811,0,0,0.0,6,SEARCH_PHASE,-1.9357,-1.2183,11.8032,7.3898
76,4.827,8.1034,2.0542,5.6115,-1.9275,-1.2095,0.6744,5.612,13.88,14.898,-3.6613,-5.3114,0.2,0.0,0.0,0.0,-1.8983,-1.1885,0.548,2.3057,-0.4875,0,0,0,0.449,0.19,0.81,0,0,0.0,6,SEARCH_PHASE,-1.9275,-1.2095,11.7647,7.3656
77,4.893,8.065,2.0303,5.624,-1.9184,-1.199,0.6263,5.058,13.835,14.86,-3.6613,-5.3114,0.2,0.0,0.0,0.0,-1.897,-1.1877,0.5,2.2932,-0.4862,0,0,0,0.45,0.188,0.812,0,0,0.0,6,SEARCH_PHASE,-1.9184,-1.199,11.7263,7.3417
78,4.96,8.0268,2.0065,5.6356,-1.9093,-1.1891,0.5784,4.962,13.79,14.823,-3.6613,-5.3114,0.2,0.0,0.0,0.0,-1.8956,-1.1869,0.452,2.2817,-0.4789,0,0,0,0.452,0.188,0.812,0,0,0.0,6,SEARCH_PHASE,-1.9093,-1.1891,11.6881,7.3179
79,5.024,7.9888,1.9829,5.6462,-1.9003,-1.18,0.5307,4.866,13.745,14.785,-3.6613,-5.3114,0.2,0.0,0.0,0.0,-1.8943,-1.1861,0.404,2.2712,-0.4778,0,0,0,0.451,0.188,0.812,0,0,0.0,6,SEARCH_PHASE,-1.9003,-1.18,11.6501,7.2943
80,5.092,7.951,1.9594,5.6559,-1.8908,-1.1713,0.483,4.769,13.701,14.747,-3.6613,-5.3114,0.2,0.0,0.0,0.0,-1.893,-1.1853,0.356,2.2617,-0.4845,0,0,0,0.458,0.189,0.811,0,0,0.0,6,SEARCH_PHASE,-1.8908,-1.1713,11.6123,7.2709
81,5.158,7.9133,1.9362,5.6646,-1.8823,-1.1636,0.4355,4.663,13.657,14.709,-3.6613,-5.3114,0.2,0.0,0.0,0.0,-1.8917,-1.1845,0.308,2.2531,-0.4665,0,0,0,0.457,0.19,0.81,0,0,0.0,6,SEARCH_PHASE,-1.8823,-1.1636,11.5747,7.2476
82,5.221,7.8759,1.913,5.6723,-1.8726,-1.1572,0.3876,4.635,13.612,14.671,-3.6613,-5.3114,0.2,0.0,0.0,0.0,-1.8904,-1.1837,0.26,2.2455,-0.4818,0,0,0,0.463,0.188,0.812,0,0,0.0,6,SEARCH_PHASE,-1.8726,-1.1572,11.5372,7.2244
83,5.284,7.8386,1.89,5.6791,-1.8638,-1.1514,0.3401,4.616,13.569,14.633,-3.6613,-5.3114,0.2,0.0,0.0,0.0,-1.8891,-1.183,0.212,2.239,-0.4599,0,0,0,0.462,0.19,0.81,0,0,0.0,6,SEARCH_PHASE,-1.8638,-1.1514,11.4999,7.2014
84,5.347,7.8015,1.8671,5.685,-1.8552,-1.1474,0.2927,4.597,13.525,14.595,-3.6613,-5.3114,0.2,0.0,0.0,0.0,-1.8878,-1.1822,0.164,2.2335,-0.4734,0,0,0,0.545,0.191,0.809,0,0,0.0,6,SEARCH_PHASE,-1.8552,-1.1474,11.4628,7.1785
85,5.409,7.7645,1.8442,5.6899,-1.8484,-1.1441,0.2452,4.577,13.482,14.557,-3.6613,-5.3114,0.2,0.0,0.0,0.0,-1.8865,-1.1815,0.116,2.2289,-0.4541,0,0,0,0.548,0.19,0.81,0,0,0.0,6,SEARCH_PHASE,-1.8484,-1.1441,11.4259,7.1556
86,5.471,7.7277,1.8213,5.6938,-1.8411,-1.1424,0.1976,4.556,13.438,14.518,-3.6613,-5.3114,0.2,0.0,0.0,0.0,-1.8852,-1.1807,0.068,2.2255,-0.4454,0,0,0,0.568,0.192,0.808,0,0,0.0,6,SEARCH_PHASE,-1.8411,-1.1424,11.389,7.1327
87,5.535,7.691,1.7985,5.6968,-1.8354,-1.1415,0.15,4.534,13.395,14.479,-3.6613,-5.3114,0.2,0.0,0.0,0.0,-1.884,-1.1799,0.02,2.223,-0.4381,0,0,0,0.572,0.195,0.805,0,0,0.0,6,SEARCH_PHASE,-1.8354,-1.1415,11.3523,7.1099
88,5.597,7.6544,1.7757,5.6989,-1.8297,-1.141,0.1026,4.511,13.352,14.44,-3.6613,-5.3114,0.2,0.0,0.0,0.0,-1.8827,-1.1791,-0.028,2.2216,-0.453,0,0,0,0.562,0.199,0.801,0,0,0.0,6,SEARCH_PHASE,-1.8297,-1.141,11.3157,7.0871
89,5.66,7.6179,1.7529,5.7,-1.8257,-1.1407,0.0551,4.488,13.309,14.401,-3.6613,-5.3114,0.2,0.0,0.0,0.0,-1.8814,-1.1784,-0.076,2.2213,-0.433,0,0,0,0.565,0.192,0.808,0,0,0.0,6,SEARCH_PHASE,-1.8257,-1.1407,11.2792,7.0643
90,5.723,7.5815,1.73,5.7002,-1.8212,-1.1416,0.0074,4.459,13.266,14.361,-3.6613,-5.3114,0.2,0.0,0.0,0.0,-1.8802,-1.1776,-0.124,2.222,-0.4253,0,0,0,0.565,0.194,0.806,0,0,0.0,6,SEARCH_PHASE,-1.8212,-1.1416,11.2428,7.0414
91,5.784,7.5451,1.7072,5.6993,-1.8182,-1.143,-0.0403,4.428,13.223,14.321,-3.6613,-5.3114,0.2,0.0,0.0,0.0,-1.8789,-1.1768,-0.172,2.2237,-0.4213,0,0,0,0.563,0.192,0.808,0,0,0.0,6,SEARCH_PHASE,-1.8182,-1.143,11.2064,7.0186
92,5.849,7.5088,1.6843,5.6976,-1.8151,-1.1443,-0.0879,4.4,13.18,14.281,-3.6613,-5.3114,0.2,0.0,0.0,0.0,-1.8777,-1.176,-0.22,2.2265,-0.4261,0,0,0,0.562,0.192,0.808,0,0,0.0,6,SEARCH_PHASE,-1.8151,-1.1443,11.1701,6.9957
93,5.917,7.4725,1.6614,5.6949,-1.8136,-1.1457,-0.1354,4.399,13.137,14.24,-3.6613,-5.3114,0.2,0.0,0.0,0.0,-1.8765,-1.1752,-0.268,2.2302,-0.4052,0,0,0,0.561,0.191,0.809,0,0,0.0,6,SEARCH_PHASE,-1.8136,-1.1457,11.1339,6.9728
94,5.981,7.4363,1.6384,5.6912,-1.8118,-1.1475,-0.183,4.397,13.094,14.199,-3.6613,-5.3114,0.2,0.0,0.0,0.0,-1.8752,-1.1744,-0.316,2.2351,-0.4221,0,0,0,0.567,0.193,0.807,0,0,0.0,6,SEARCH_PHASE,-1.8118,-1.1475,11.0976,6.9498
95,6.044,7.4001,1.6154,5.6866,-1.8115,-1.1488,-0.2311,4.394,13.051,14.158,-3.6613,-5.3114,0.2,0.0,0.0,0.0,-1.874,-1.1735,-0.364,2.2409,-0.4019,0,0,0,0.57,0.192,0.808,0,0,0.0,6,SEARCH_PHASE,-1.8115,-1.1488,11.0614,6.9269
96,6.107,7.3639,1.5924,5.681,-1.8108,-1.1508,-0.2786,4.389,13.008,14.116,-3.6613,-5.3114,0.2,0.0,0.0,0.0,-1.8728,-1.1727,-0.412,2.2477,-0.4196,0,0,0,0.576,0.196,0.804,0,0,0.0,6,SEARCH_PHASE,-1.8108,-1.1508,11.0252,6.9038
97,6.169,7.3276,1.5694,5.6745,-1.8114,-1.1523,-0.3262,4.384,12.965,14.074,-3.6613,-5.3114,0.2,0.0,0.0,0.0,-1.8716,-1.1719,-0.46,2.2556,-0.4006,0,0,0,0.576,0.197,0.803,0,0,0.0,6,SEARCH_PHASE,-1.8114,-1.1523,10.989,6.8808
98,6.232,7.2914,1.5463,5.667,-1.8112,-1.1545,-0.3739,4.379,12.922,14.031,-3.6613,-5.3114,0.2,0.0,0.0,0.0,-1.8703,-1.1711,-0.508,2.2644,-0.4049,0,0,0,0.577,0.197,0.803,0,0,0.0,6,SEARCH_PHASE,-1.8112,-1.1545,10.9527,6.8577
99,6.295,7.2552,1.5232,5.6586,-1.8122,-1.1564,-0.4218,4.372,12.879,13.988,-3.6613,-5.3114,0.2,0.0,0.0,0.0,-1.8691,-1.1702,-0.556,2.2742,-0.3886,0,0,0,0.582,0.19,0.81,0,0,0.0,6,SEARCH_PHASE,-1.8122,-1.1564,10.9165,6.8346
100,6.363,7.2189,1.5,5.6492,-1.8126,-1.1581,-0.47,4.364,12.836,13.945,-3.6613,-5.3114,0.2,0.0,0.0,0.0,-1.8679,-1.1694,-0.604,2.285,-0.4108,0,0,0,0.592,0.189,0.811,0,0,0.0,6,SEARCH_PHASE,-1.8126,-1.1581,10.8802,6.8114
101,6.428,7.1826,1.4768,5.6388,-1.8144,-1.1587,-0.5175,4.355,12.793,13.902,-3.6613,-5.3114,0.2,0.0,0.0,0.0,-1.8667,-1.1685,-0.652,2.2968,-0.4083,0,0,0,0.593,0.188,0.812,0,0,0.0,6,SEARCH_PHASE,-1.8144,-1.1587,10.8439,6.7882
102,6.49,7.1463,1.4536,5.6275,-1.8157,-1.159,-0.5656,4.345,12.75,13.857,-3.6613,-5.3114,0.2,0.0,0.0,0.0,-1.8655,-1.1677,-0.7,2.3094,-0.4249,0,0,0,0.588,0.191,0.809,0,0,0.0,6,SEARCH_PHASE,-1.8157,-1.159,10.8076,6.7651
103,6.554,7.11,1.4305,5.6153,-1.8182,-1.1591,-0.6129,4.335,12.707,13.813,-3.6613,-5.3114,0.2,0.0,0.0,0.0,-1.8642,-1.1669,-0.748,2.323,-0.4059,0,0,0,0.588,0.199,0.801,0,0,0.0,6,SEARCH_PHASE,-1.8182,-1.1591,10.7713,6.7419
104,6.619,7.0736,1.4073,5.6021,-1.8199,-1.1597,-0.6605,4.323,12.664,13.768,-3.6613,-5.3114,0.2,0.0,0.0,0.0,-1.863,-1.166,-0.796,2.3375,-0.4119,0,0,0,0.588,0.198,0.802,0,0,0.0,6,SEARCH_PHASE,-1.8199,-1.1597,10.7349,6.7187
105,6.684,7.0371,1.3841,5.5879,-1.8226,-1.16,-0.7087,4.311,12.621,13.723,-3.6613,-5.3114,0.2,0.0,0.0,0.0,-1.8618,-1.1652,-0.844,2.3529,-0.3939,0,0,0,0.589,0.197,0.803,0,0,0.0,6,SEARCH_PHASE,-1.8226,-1.16,10.6984,6.6955
106,6.751,7.0006,1.3609,5.5728,-1.8245,-1.1604,-0.756,5.383,12.578,13.677,-3.6613,-5.3114,0.2,0.0,0.0,0.0,-1.8606,-1.1643,-0.892,2.3692,-0.4164,0,0,0,0.591,0.199,0.801,0,0,0.0,6,SEARCH_PHASE,-1.8245,-1.1604,10.6619,6.6723
107,6.818,6.9641,1.3377,5.5567,-1.8276,-1.1599,-0.8035,4.385,12.534,13.631,-3.6613,-5.3114,0.2,0.0,0.0,0.0,-1.8593,-1.1635,-0.94,2.3863,-0.4018,0,0,0,0.591,0.196,0.804,0,0,0.0,6,SEARCH_PHASE,-1.8276,-1.1599,10.6254,6.6491
108,6.882,6.9275,1.3145,5.5397,-1.8298,-1.1595,-0.8517,4.348,12.491,13.584,-3.6613,-5.3114,0.2,0.0,0.0,0.0,-1.8581,-1.1627,-0.988,2.4043,-0.4209,0,0,0,0.591,0.199,0.801,0,0,0.0,6,SEARCH_PHASE,-1.8298,-1.1595,10.5888,6.6259
109,6.947,6.8908,1.2913,5.5217,-1.8329,-1.1584,-0.8991,4.36,12.448,13.537,-3.6613,-5.3114,0.2,0.0,0.0,0.0,-1.8568,-1.1619,-1.036,2.423,-0.4045,0,0,0,0.591,0.197,0.803,0,0,0.0,6,SEARCH_PHASE,-1.8329,-1.1584,10.5521,6.6027
110,7.014,6.8541,1.2682,5.5027,-1.8348,-1.1575,-0.9465,4.372,12.404,13.49,-3.6613,-5.3114,0.2,0.0,0.0,0.0,-1.8556,-1.1611,-1.084,2.4426,-0.4236,0,0,0,0.593,0.199,0.801,0,0,0.0,6,SEARCH_PHASE,-1.8348,-1.1575,10.5154,6.5796
111,7.078,6.8174,1.245,5.4829,-1.8375,-1.1559,-0.9941,4.383,12.361,13.442,-3.6613,-5.3114,0.2,0.0,0.0,0.0,-1.8543,-1.1602,-1.132,2.463,-0.4073,0,0,0,0.606,0.199,0.801,0,0,0.0,6,SEARCH_PHASE,-1.8375,-1.1559,10.4787,6.5565
112,7.14,6.7806,1.2219,5.462,-1.8387,-1.1547,-1.0416,4.393,12.317,13.394,-3.6613,-5.3114,0.2,0.0,0.0,0.0,-1.8531,-1.1594,-1.18,2.4841,-0.4267,0,0,0,0.61,0.2,0.8,0,0,0.0,6,SEARCH_PHASE,-1.8387,-1.1547,10.4419,6.5334
113,7.203,6.7438,1.1989,5.4402,-1.8404,-1.1531,-1.0892,4.403,12.274,13.346,-3.6613,-5.3114,0.2,0.0,0.0,0.0,-1.8518,-1.1586,-1.228,2.5059,-0.4104,0,0,0,0.615,0.2,0.8,0,0,0.0,6,SEARCH_PHASE,-1.8404,-1.1531,10.4051,6.5103
114,7.27,6.707,1.1758,5.4175,-1.8404,-1.1521,-1.1372,4.411,12.231,13.297,-3.6613,-5.3114,0.2,0.0,0.0,0.0,-1.8505,-1.1579,-1.276,2.5285,-0.4224,0,0,0,0.611,0.198,0.802,0,0,0.0,6,SEARCH_PHASE,-1.8404,-1.1521,10.3683,6.4873
115,7.338,6.6702,1.1528,5.3938,-1.8406,-1.1507,-1.1845,4.418,12.187,13.248,-3.6613,-5.3114,0.2,0.0,0.0,0.0,-1.8493,-1.1571,-1.324,2.5518,-0.4045,0,0,0,0.614,0.2,0.8,0,0,0.0,6,SEARCH_PHASE,-1.8406,-1.1507,10.3315,6.4642
116,7.404,6.6334,1.1298,5.3692,-1.8391,-1.1497,-1.232,4.594,12.144,13.198,-3.6613,-5.3114,0.2,0.0,0.0,0.0,-1.848,-1.1563,-1.372,2.5758,-0.4249,0,0,0,0.616,0.202,0.798,0,0,0.0,6,SEARCH_PHASE,-1.8391,-1.1497,10.2947,6.4412
117,7.472,6.5966,1.1069,5.3436,-1.8377,-1.1482,-1.2794,4.766,12.1,13.148,-3.6613,-5.3114,0.2,0.0,0.0,0.0,-1.8468,-1.1555,-1.42,2.6004,-0.4066,0,0,0,0.616,0.203,0.797,0,0,0.0,6,SEARCH_PHASE,-1.8377,-1.1482,10.2579,6.4183
118,7.539,6.5599,1.0839,5.317,-1.8348,-1.1473,-1.3271,5.317,12.057,13.098,-3.6613,-5.3114,0.2,0.0,0.0,0.0,-1.8455,-1.1547,-1.468,2.6257,-0.415,0,0,0,0.615,0.202,0.798,0,0,0.0,6,SEARCH_PHASE,-1.8348,-1.1473,10.2213,6.3953
119,7.6,6.5233,1.061,5.2896,-1.8321,-1.1461,-1.3745,5.29,12.014,13.048,-3.6613,-5.3114,0.2,0.0,0.0,0.0,-1.8442,-1.1539,-1.5,2.6425,-0.3964,0,0,0,0.61,0.201,0.799,0,0,0.0,6,SEARCH_PHASE,-1.8321,-1.1461,10.1846,6.3724
120,7.663,6.4867,1.0381,5.2612,-1.8282,-1.1452,-1.4161,5.261,11.971,12.997,-3.6613,-5.3114,0.2,0.0,0.0,0.0,-1.843,-1.1531,-1.5,2.6413,-0.419,0,0,0,0.614,0.207,0.793,0,0,0.0,6,SEARCH_PHASE,-1.8282,-1.1452,10.148,6.3495
121,7.731,6.4502,1.0152,5.2324,-1.825,-1.1436,-1.4421,5.232,11.928,12.946,-3.6613,-5.3114,0.2,0.0,0.0,0.0,-1.8417,-1.1523,-1.5,2.64,-0.3987,0,0,0,0.614,0.204,0.796,0,0,0.0,6,SEARCH_PHASE,-1.825,-1.1436,10.1115,6.3266
122,7.795,6.4138,0.9924,5.2032,-1.8207,-1.1428,-1.4584,5.203,11.885,12.895,-3.6613,-5.3114,0.2,0.0,0.0,0.0,-1.8405,-1.1515,-1.5,2.6388,-0.4211,0,0,0,0.622,0.208,0.792,0,0,0.0,6,SEARCH_PHASE,-1.8207,-1.1428,10.0751,6.3038
123,7.859,6.3775,0.9695,5.1738,-1.8177,-1.1415,-1.4686,5.174,11.842,12.844,-3.6613,-5.3114,0.2,0.0,0.0,0.0,-1.8392,-1.1508,-1.5,2.6376,-0.3999,0,0,0,0.626,0.207,0.793,0,0,0.0,6,SEARCH_PHASE,-1.8177,-1.1415,10.0388,6.281
124,7.921,6.3412,0.9467,5.1443,-1.8131,-1.1411,-1.475,5.144,11.799,12.793,-3.6613,-5.3114,0.2,0.0,0.0,0.0,-1.838,-1.15,-1.452,2.6094,-0.4181,0,0,0,0.632,0.206,0.794,0,0,0.0,6,SEARCH_PHASE,-1.8131,-1.1411,10.0025,6.2581
125,7.982,6.305,0.9239,5.1151,-1.8098,-1.1405,-1.4612,5.115,11.756,12.742,-3.6613,-5.3114,0.2,0.0,0.0,0.0,-1.8368,-1.1491,-1.404,2.5818,-0.3953,0,0,0,0.632,0.208,0.792,0,0,0.0,6,SEARCH_PHASE,-1.8098,-1.1405,9.9663,6.2353
126,8.043,6.2689,0.9011,5.0864,-1.8044,-1.1411,-1.4349,5.086,11.713,12.692,-3.6613,-5.3114,0.2,0.0,0.0,0.0,-1.8355,-1.1483,-1.356,2.5547,-0.4228,0,0,0,0.638,0.213,0.787,0,0,0.0,6,SEARCH_PHASE,-1.8044,-1.1411,9.9302,6.2125
127,8.104,6.2329,0.8783,5.0584,-1.8002,-1.1411,-1.4006,5.058,11.671,12.642,-3.6613,-5.3114,0.2,0.0,0.0,0.0,-1.8343,-1.1475,-1.308,2.5283,-0.3986,0,0,0,0.64,0.215,0.785,0,0,0.0,6,SEARCH_PHASE,-1.8002,-1.1411,9.8942,6.1897
128,8.166,6.197,0.8554,5.0312,-1.7942,-1.1426,-1.3615,5.031,11.628,12.592,-3.6613,-5.3114,0.2,0.0,0.0,0.0,-1.8331,-1.1467,-1.26,2.5026,-0.4043,0,0,0,0.643,0.219,0.781,0,0,0.0,6,SEARCH_PHASE,-1.7942,-1.1426,9.8583,6.1668
129,8.228,6.1612,0.8325,5.0048,-1.79,-1.1439,-1.3198,5.005,11.586,12.543,-3.6613,-5.3114,0.2,0.0,0.0,0.0,-1.8319,-1.1459,-1.212,2.4775,-0.384,0,0,0,0.64,0.21,0.79,0,0,0.0,6,SEARCH_PHASE,-1.79,-1.1439,9.8225,6.1439
130,8.29,6.1255,0.8096,4.9793,-1.7841,-1.1451,-1.2757,4.979,11.543,12.494,-3.6613,-5.3114,0.2,0.0,0.0,0.0,-1.8307,-1.145,-1.164,2.4531,-0.4133,0,0,0,0.643,0.212,0.788,0,0,0.0,6,SEARCH_PHASE,-1.7841,-1.1451,9.7869,6.121
131,8.352,6.0899,0.7868,4.9547,-1.7806,-1.1439,-1.2298,4.955,11.501,12.445,-3.6613,-5.3114,0.2,0.0,0.0,0.0,-1.8295,-1.1441,-1.116,2.4294,-0.393,0,0,0,0.641,0.21,0.79,0,0,0.0,6,SEARCH_PHASE,-1.7806,-1.1439,9.7512,6.0982
132,8.414,6.0544,0.7639,4.931,-1.7754,-1.1426,-1.1832,4.931,11.459,12.397,-3.6613,-5.3114,0.2,0.0,0.0,0.0,-1.8284,-1.1433,-1.068,2.4064,-0.423,0,0,0,0.644,0.217,0.783,0,0,0.0,6,SEARCH_PHASE,-1.7754,-1.1426,9.7157,6.0753
133,8.476,6.019,0.7411,4.9083,-1.7725,-1.1392,-1.1363,4.908,11.417,12.349,-3.6613,-5.3114,0.2,0.0,0.0,0.0,-1.8272,-1.1424,-1.02,2.3842,-0.4035,0,0,0,0.643,0.216,0.784,0,0,0.0,6,SEARCH_PHASE,-1.7725,-1.1392,9.6803,6.0525
134,8.537,5.9836,0.7184,4.8865,-1.7676,-1.1362,-1.0895,4.886,11.375,12.302,-3.6613,-5.3114,0.2,0.0,0.0,0.0,-1.826,-1.1416,-0.972,2.3627,-0.4248,0,0,0,0.646,0.212,0.788,0,0,0.0,6,SEARCH_PHASE,-1.7676,-1.1362,9.6449,6.0298
135,8.598,5.9483,0.6958,4.8657,-1.7649,-1.1314,-1.0423,4.866,11.333,12.256,-3.6613,-5.3114,0.2,0.0,0.0,0.0,-1.8248,-1.1407,-0.924,2.342,-0.3975,0,0,0,0.645,0.215,0.785,0,0,0.0,6,SEARCH_PHASE,-1.7649,-1.1314,9.6096,6.0072
136,8.658,5.9131,0.6732,4.8458,-1.7612,-1.1274,-0.9946,4.846,11.291,12.209,-3.6613,-5.3114,0.2,0.0,0.0,0.0,-1.8237,-1.1399,-0.876,2.3222,-0.4198,0,0,0,0.646,0.217,0.783,0,0,0.0,6,SEARCH_PHASE,-1.7612,-1.1274,9.5744,5.9846
137,8.721,5.8779,0.6508,4.8268,-1.7605,-1.1219,-0.9476,4.827,11.249,12.164,-3.6613,-5.3114,0.2,0.0,0.0,0.0,-1.8225,-1.1391,-0.828,2.3032,-0.3952,0,0,0,0.646,0.217,0.783,0,0,0.0,6,SEARCH_PHASE,-1.7605,-1.1219,9.5392,5.9622
138,8.782,5.8427,0.6284,4.8088,-1.7584,-1.1174,-0.8997,4.809,11.208,12.118,-3.6613,-5.3114,0.2,0.0,0.0,0.0,-1.8213,-1.1383,-0.78,2.285,-0.4227,0,0,0,0.653,0.218,0.782,0,0,0.0,6,SEARCH_PHASE,-1.7584,-1.1174,9.504,5.9398
139,8.842,5.8075,0.6062,4.7918,-1.7592,-1.1116,-0.852,4.792,11.166,12.073,-3.6613,-5.3114,0.2,0.0,0.0,0.0,-1.8201,-1.1375,-0.732,2.2677,-0.4003,0,0,0,0.652,0.219,0.781,0,0,0.0,6,SEARCH_PHASE,-1.7592,-1.1116,9.4689,5.9176
140,8.904,5.7724,0.5841,4.7757,-1.7583,-1.1071,-0.8042,4.776,11.124,12.029,-3.6613,-5.3114,0.2,0.0,0.0,0.0,-1.8189,-1.1367,-0.684,2.2513,-0.4276,0,0,0,0.657,0.222,0.778,0,0,0.0,6,SEARCH_PHASE,-1.7583,-1.1071,9.4337,5.8955
141,8.964,5.7372,0.562,4.7606,-1.7598,-1.1015,-0.7566,4.761,11.083,11.984,-3.6613,-5.3114,0.2,0.0,0.0,0.0,-1.8177,-1.136,-0.636,2.2358,-0.4056,0,0,0,0.656,0.223,0.777,0,0,0.0,6,SEARCH_PHASE,-1.7598,-1.1015,9.3985,5.8734
142,9.026,5.702,0.5401,4.7464,-1.7592,-1.0976,-0.7089,4.746,11.041,11.941,-3.6613,-5.3114,0.2,0.0,0.0,0.0,-1.8165,-1.1352,-0.588,2.2213,-0.4327,0,0,0,0.661,0.223,0.777,0,0,0.0,6,SEARCH_PHASE,-1.7592,-1.0976,9.3633,5.8515
143,9.089,5.6668,0.5182,4.7332,-1.7607,-1.093,-0.6612,4.733,11.0,11.897,-3.6613,-5.3114,0.2,0.0,0.0,0.0,-1.8153,-1.1345,-0.54,2.2077,-0.411,0,0,0,0.662,0.223,0.777,0,0,0.0,6,SEARCH_PHASE,-1.7607,-1.093,9.3281,5.8296
144,9.155,5.6316,0.4964,4.7209,-1.7597,-1.0903,-0.614,4.721,10.959,11.854,-3.6613,-5.3114,0.2,0.0,0.0,0.0,-1.8141,-1.1337,-0.492,2.195,-0.4356,0,0,0,0.667,0.227,0.773,0,0,0.0,6,SEARCH_PHASE,-1.7597,-1.0903,9.2929,5.8078
145,9.217,5.5964,0.4747,4.7095,-1.7603,-1.0873,-0.5662,4.71,10.917,11.812,-3.6613,-5.3114,0.2,0.0,0.0,0.0,-1.8128,-1.133,-0.444,2.1834,-0.4117,0,0,0,0.668,0.226,0.774,0,0,0.0,6,SEARCH_PHASE,-1.7603,-1.0873,9.2577,5.7861
146,9.277,5.5612,0.4529,4.6992,-1.7583,-1.0864,-0.5184,4.699,10.876,11.77,-3.6613,-5.3114,0.2,0.0,0.0,0.0,-1.8116,-1.1323,-0.396,2.1727,-0.439,0,0,0,0.673,0.228,0.772,0,0,0.0,6,SEARCH_PHASE,-1.7583,-1.0864,9.2225,5.7644
147,9.341,5.5261,0.4312,4.6898,-1.7577,-1.0855,-0.4707,4.69,10.834,11.728,-3.6613,-5.3114,0.2,0.0,0.0,0.0,-1.8104,-1.1316,-0.348,2.1631,-0.4148,0,0,0,0.673,0.224,0.776,0,0,0.0,6,SEARCH_PHASE,-1.7577,-1.0855,9.1874,5.7426
148,9.405,5.491,0.4095,4.6813,-1.7549,-1.0873,-0.4231,4.681,10.793,11.687,-3.6613,-5.3114,0.2,0.0,0.0,0.0,-1.8092,-1.1309,-0.3,2.1545,-0.4117,0,0,0,0.673,0.227,0.773,0,0,0.0,6,SEARCH_PHASE,-1.7549,-1.0873,9.1523,5.7209
149,9.467,5.4559,0.3877,4.6738,-1.7541,-1.0897,-0.3754,4.674,10.752,11.646,-3.6613,-5.3114,0.2,0.0,0.0,0.0,-1.8079,-1.1301,-0.252,2.1469,-0.3975,0,0,0,0.671,0.224,0.776,0,0,0.0,6,SEARCH_PHASE,-1.7541,-1.0897,9.1172,5.6991
150,9.529,5.4208,0.3658,4.6672,-1.7518,-1.0921,-0.3276,4.667,10.711,11.605,-3.6613,-5.3114,0.2,0.0,0.0,0.0,-1.8067,-1.1294,-0.204,2.1404,-0.4236,0,0,0,0.675,0.224,0.776,0,0,0.0,6,SEARCH_PHASE,-1.7518,-1.0921,9.0822,5.6773
151,9.59,5.3858,0.344,4.6616,-1.7516,-1.0935,-0.2799,4.662,10.669,11.565,-3.6613,-5.3114,0.2,0.0,0.0,0.0,-1.8055,-1.1286,-0.156,2.135,-0.3991,0,0,0,0.674,0.225,0.775,0,0,0.0,6,SEARCH_PHASE,-1.7516,-1.0935,9.0471,5.6554
152,9.652,5.3508,0.3221,4.657,-1.7494,-1.0963,-0.2322,4.657,10.628,11.525,-3.6613,-5.3114,0.2,0.0,0.0,0.0,-1.8043,-1.1279,-0.108,2.1306,-0.4255,0,0,0,0.678,0.228,0.772,0,0,0.0,6,SEARCH_PHASE,-1.7494,-1.0963,9.0121,5.6335
153,9.713,5.3158,0.3001,4.6533,-1.7489,-1.0985,-0.1846,4.653,10.587,11.485,-3.6613,-5.3114,0.2,0.0,0.0,0.0,-1.8031,-1.1271,-0.06,2.1273,-0.4009,0,0,0,0.678,0.228,0.772,0,0,0.0,6,SEARCH_PHASE,-1.7489,-1.0985,8.9772,5.6115
154,9.774,5.2809,0.278,4.6506,-1.7459,-1.1024,-0.1372,4.651,10.545,11.446,-3.6613,-5.3114,0.2,0.0,0.0,0.0,-1.8019,-1.1263,-0.012,2.125,-0.4066,0,0,0,0.679,0.229,0.771,0,0,0.0,6,SEARCH_PHASE,-1.7459,-1.1024,8.9422,5.5894
155,9.834,5.246,0.2559,4.6488,-1.7443,-1.106,-0.0902,4.649,10.504,11.407,-3.6613,-5.3114,0.2,0.0,0.0,0.0,-1.8008,-1.1255,0.036,2.1239,-0.3847,0,0,0,0.676,0.225,0.775,0,0,0.0,6,SEARCH_PHASE,-1.7443,-1.106,8.9074,5.5673
156,9.895,5.2112,0.2337,4.6479,-1.7414,-1.1096,-0.0422,4.648,10.463,11.369,-3.6613,-5.3114,0.2,0.0,0.0,0.0,-1.7996,-1.1247,0.084,2.1238,-0.4163,0,0,0,0.677,0.224,0.776,0,0,0.0,6,SEARCH_PHASE,-1.7414,-1.1096,8.8725,5.5451
157,9.955,5.1764,0.2115,4.648,-1.7414,-1.1109,0.0057,4.648,10.421,11.331,-3.6613,-5.3114,0.2,0.0,0.0,0.0,-1.7984,-1.1239,0.132,2.1248,-0.3973,0,0,0,0.671,0.225,0.775,0,0,0.0,6,SEARCH_PHASE,-1.7414,-1.1109,8.8377,5.5229
158,10.016,5.1416,0.1893,4.6491,-1.7399,-1.1123,0.0529,4.649,10.38,11.293,-3.6613,-5.3114,0.2,0.0,0.0,0.0,-1.7973,-1.1231,0.18,2.1269,-0.4213,0,0,0,0.672,0.227,0.773,0,0,0.0,6,SEARCH_PHASE,-1.7399,-1.1123,8.8029,5.5007
159,10.078,5.1068,0.167,4.6511,-1.7409,-1.1119,0.1009,4.651,10.339,11.256,-3.6613,-5.3114,0.2,0.0,0.0,0.0,-1.7961,-1.1222,0.228,2.1301,-0.398,0,0,0,0.668,0.218,0.782,0,0,0.0,6,SEARCH_PHASE,-1.7409,-1.1119,8.7681,5.4784
160,10.141,5.072,0.1448,4.6541,-1.7402,-1.1118,0.1489,4.654,10.298,11.22,-3.6613,-5.3114,0.2,0.0,0.0,0.0,-1.795,-1.1214,0.276,2.1344,-0.423,0,0,0,0.67,0.222,0.778,0,0,0.0,6,SEARCH_PHASE,-1.7402,-1.1118,8.7333,5.4562
161,10.208,5.0371,0.1226,4.658,-1.7418,-1.1099,0.1967,4.658,10.256,11.183,-3.6613,-5.3114,0.2,0.0,0.0,0.0,-1.7938,-1.1206,0.324,2.1397,-0.3997,0,0,0,0.667,0.214,0.786,0,0,0.0,6,SEARCH_PHASE,-1.7418,-1.1099,8.6984,5.434
162,10.273,5.0023,0.1004,4.6629,-1.7413,-1.1087,0.2445,4.663,10.215,11.147,-3.6613,-5.3114,0.2,0.0,0.0,0.0,-1.7926,-1.1198,0.372,2.1461,-0.4251,0,0,0,0.669,0.22,0.78,0,0,0.0,6,SEARCH_PHASE,-1.7413,-1.1087,8.6636,5.4118
163,10.337,4.9674,0.0783,4.6688,-1.7427,-1.1061,0.2921,4.669,10.174,11.112,-3.6613,-5.3114,0.2,0.0,0.0,0.0,-1.7915,-1.119,0.42,2.1536,-0.4018,0,0,0,0.665,0.213,0.787,0,0,0.0,6,SEARCH_PHASE,-1.7427,-1.1061,8.6288,5.3897
164,10.4,4.9326,0.0562,4.6755,-1.7416,-1.1044,0.3399,4.676,10.132,11.077,-3.6613,-5.3114,0.2,0.0,0.0,0.0,-1.7903,-1.1182,0.468,2.1621,-0.4281,0,0,0,0.667,0.22,0.78,0,0,0.0,6,SEARCH_PHASE,-1.7416,-1.1044,8.5939,5.3676
165,10.46,4.8978,0.0342,4.6833,-1.7419,-1.1017,0.3875,4.683,10.091,11.042,-3.6613,-5.3114,0.2,0.0,0.0,0.0,-1.7891,-1.1174,0.516,2.1716,-0.4047,0,0,0,0.668,0.216,0.784,0,0,0.0,6,SEARCH_PHASE,-1.7419,-1.1017,8.5591,5.3456
166,10.521,4.863,0.0122,4.692,-1.7396,-1.1004,0.4352,4.692,10.05,11.008,-3.6613,-5.3114,0.2,0.0,0.0,0.0,-1.7879,-1.1166,0.564,2.1821,-0.4327,0,0,0,0.665,0.218,0.782,0,0,0.0,6,SEARCH_PHASE,-1.7396,-1.1004,8.5243,5.3236
167,10.582,4.8282,-0.0098,4.7017,-1.7387,-1.0984,0.4829,4.702,10.009,10.975,-3.6613,-5.3114,0.2,0.0,0.0,0.0,-1.7868,-1.1158,0.612,2.1937,-0.409,0,0,0,0.662,0.221,0.779,0,0,0.0,6,SEARCH_PHASE,-1.7387,-1.0984,8.4895,5.3016
168,10.643,4.7935,-0.0318,4.7123,-1.7355,-1.0984,0.5305,4.712,9.968,10.942,-3.6613,-5.3114,0.2,0.0,0.0,0.0,-1.7856,-1.115,0.66,2.2062,-0.4253,0,0,0,0.665,0.224,0.776,0,0,0.0,6,SEARCH_PHASE,-1.7355,-1.0984,8.4548,5.2796
169,10.706,4.7588,-0.0537,4.7238,-1.7342,-1.0981,0.5782,4.724,9.927,10.909,-3.6613,-5.3114,0.2,0.0,0.0,0.0,-1.7844,-1.1142,0.708,2.2197,-0.4016,0,0,0,0.681,0.224,0.776,0,0,0.0,6,SEARCH_PHASE,-1.7342,-1.0981,8.4201,5.2577
170,10.772,4.7242,-0.0757,4.7364,-1.7306,-1.0991,0.6259,4.736,9.886,10.877,-3.6613,-5.3114,0.2,0.0,0.0,0.0,-1.7833,-1.1134,0.756,2.2341,-0.4284,0,0,0,0.665,0.228,0.772,0,0,0.0,6,SEARCH_PHASE,-1.7306,-1.0991,8.3855,5.2357
171,10.839,4.6896,-0.0977,4.7498,-1.7287,-1.0992,0.6735,4.75,9.845,10.845,-3.6613,-5.3114,0.2,0.0,0.0,0.0,-1.7821,-1.1126,0.804,2.2495,-0.4047,0,0,0,0.661,0.225,0.775,0,0,0.0,6,SEARCH_PHASE,-1.7287,-1.0992,8.3509,5.2137
172,10.903,4.6551,-0.1197,4.7642,-1.7242,-1.1009,0.7209,4.764,9.804,10.814,-3.6613,-5.3114,0.2,0.0,0.0,0.0,-1.781,-1.1118,0.852,2.2658,-0.4212,0,0,0,0.662,0.23,0.77,0,0,0.0,6,SEARCH_PHASE,-1.7242,-1.1009,8.3165,5.1917
173,10.965,4.6207,-0.1418,4.7796,-1.7211,-1.1019,0.7686,4.78,9.763,10.784,-3.6613,-5.3114,0.2,0.0,0.0,0.0,-1.7798,-1.111,0.9,2.283,-0.3972,0,0,0,0.665,0.219,0.781,0,0,0.0,6,SEARCH_PHASE,-1.7211,-1.1019,8.282,5.1697
174,11.029,4.5864,-0.1638,4.7959,-1.7174,-1.1038,0.8164,4.796,9.722,10.754,-3.6613,-5.3114,0.2,0.0,0.0,0.0,-1.7787,-1.1101,0.948,2.3011,-0.4244,0,0,0,0.656,0.225,0.775,0,0,0.0,6,SEARCH_PHASE,-1.7174,-1.1038,8.2477,5.1476
175,11.092,4.552,-0.1859,4.8132,-1.7172,-1.1043,0.8641,4.813,9.681,10.724,-3.6613,-5.3114,0.2,0.0,0.0,0.0,-1.7776,-1.1093,0.996,2.32,-0.4011,0,0,0,0.671,0.217,0.783,0,0,0.0,6,SEARCH_PHASE,-1.7172,-1.1043,8.2133,5.1255
176,11.155,4.5177,-0.208,4.8315,-1.716,-1.106,0.9119,4.831,9.641,10.695,-3.6613,-5.3114,0.2,0.0,0.0,0.0,-1.7765,-1.1084,1.044,2.3397,-0.428,0,0,0,0.664,0.22,0.78,0,0,0.0,6,SEARCH_PHASE,-1.716,-1.106,8.179,5.1034
177,11.219,4.4833,-0.2302,4.8506,-1.718,-1.1067,0.9595,4.851,9.6,10.667,-3.6613,-5.3114,0.2,0.0,0.0,0.0,-1.7753,-1.1076,1.092,2.3603,-0.4052,0,0,0,0.669,0.214,0.786,0,0,0.0,6,SEARCH_PHASE,-1.718,-1.1067,8.1447,5.0812
178,11.283,4.449,-0.2524,4.8708,-1.7186,-1.1088,1.0071,4.871,9.559,10.639,-3.6613,-5.3114,0.2,0.0,0.0,0.0,-1.7742,-1.1067,1.14,2.3816,-0.4307,0,0,0,0.671,0.215,0.785,0,0,0.0,6,SEARCH_PHASE,-1.7186,-1.1088,8.1103,5.0591
179,11.348,4.4145,-0.2746,4.8919,-1.7218,-1.1103,1.0546,4.892,9.518,10.611,-3.6613,-5.3114,0.2,0.0,0.0,0.0,-1.7731,-1.1059,1.188,2.4038,-0.4084,0,0,0,0.668,0.214,0.786,0,0,0.0,6,SEARCH_PHASE,-1.7218,-1.1103,8.0759,5.0369
180,11.411,4.3801,-0.2968,4.9139,-1.7233,-1.1135,1.102,4.914,9.477,10.584,-3.6613,-5.3114,0.2,0.0,0.0,0.0,-1.772,-1.105,1.236,2.4266,-0.4119,0,0,0,0.667,0.216,0.784,0,0,0.0,6,SEARCH_PHASE,-1.7233,-1.1135,8.0414,5.0146
181,11.472,4.3455,-0.3192,4.9369,-1.7271,-1.1162,1.1495,4.937,9.436,10.558,-3.6613,-5.3114,0.2,0.0,0.0,0.0,-1.7708,-1.1041,1.284,2.4502,-0.3898,0,0,0,0.53,0.211,0.789,0,0,0.0,6,SEARCH_PHASE,-1.7271,-1.1162,8.0069,4.9923
182,11.533,4.3109,-0.3415,4.9609,-1.7296,-1.1186,1.1971,4.961,9.395,10.532,-3.6613,-5.3114,0.2,0.0,0.0,0.0,-1.7697,-1.1032,1.332,2.4745,-0.4161,0,0,0,0.528,0.209,0.791,0,0,0.0,6,SEARCH_PHASE,-1.7296,-1.1186,7.9723,4.9699
183,11.596,4.2762,-0.3639,4.9857,-1.7347,-1.1185,1.2447,4.986,9.353,10.506,-3.6613,-5.3114,0.2,0.0,0.0,0.0,-1.7686,-1.1024,1.38,2.4995,-0.3945,0,0,0,0.52,0.211,0.789,0,0,0.0,6,SEARCH_PHASE,-1.7347,-1.1185,7.9376,4.9475
184,11.659,4.2415,-0.3863,5.0116,-1.7381,-1.1184,1.2923,5.012,9.312,10.482,-3.6613,-5.3114,0.2,0.0,0.0,0.0,-1.7675,-1.1015,1.428,2.5252,-0.4206,0,0,0,0.519,0.208,0.792,0,0,0.0,6,SEARCH_PHASE,-1.7381,-1.1184,7.9028,4.9251
185,11.72,4.2066,-0.4086,5.0384,-1.7438,-1.1161,1.3398,5.038,9.27,10.457,-3.6613,-5.3114,0.2,0.0,0.0,0.0,-1.7663,-1.1007,1.476,2.5514,-0.3994,0,0,0,0.512,0.207,0.793,0,0,0.0,6,SEARCH_PHASE,-1.7438,-1.1161,7.8679,4.9028
186,11.782,4.1717,-0.4309,5.0661,-1.7473,-1.1142,1.3874,5.066,9.229,10.433,-3.6613,-5.3114,0.2,0.0,0.0,0.0,-1.7651,-1.0998,1.428,2.5228,-0.4254,0,0,0,0.512,0.207,0.793,0,0,0.0,6,SEARCH_PHASE,-1.7473,-1.1142,7.833,4.8805
187,11.844,4.1366,-0.4531,5.0941,-1.7512,-1.1106,1.3994,5.094,9.188,10.41,-3.6613,-5.3114,0.2,0.0,0.0,0.0,-1.764,-1.099,1.38,2.4948,-0.4065,0,0,0,0.506,0.205,0.795,0,0,0.0,6,SEARCH_PHASE,-1.7512,-1.1106,7.798,4.8583
188,11.905,4.1016,-0.4752,5.1219,-1.7522,-1.1075,1.3886,5.122,9.146,10.386,-3.6613,-5.3114,0.2,0.0,0.0,0.0,-1.7628,-1.0982,1.332,2.4673,-0.4269,0,0,0,0.507,0.205,0.795,0,0,0.0,6,SEARCH_PHASE,-1.7522,-1.1075,7.7629,4.8362
